name,category,price
"HP Spectre Performance 15""",pc,875.95
"Asus ZenBook Advanced 15""",pc,3481.3
Samsung Odyssey Advanced 34-inch,accessories,451.99
Belkin Thunderbolt 3 6286X,accessories,8.24
Bose QuietComfort 35 II Wireless Bluetooth,audio,120.09
"HP Spectre 17""",pc,2168.23
Sony WH-1000XM4 Wireless Bluetooth,audio,449.75
HyperX Alloy Origins 9353Pro,accessories,31.76
XGIMI Halo Compact 9873V2,video,3314.41
Apple Lightning to USB-C Business 3073X,accessories,41.8
LG CineBeam Advanced 9180V2,video,5348.93
Shure AONIC 50 Advanced Wireless Bluetooth,audio,342.1
ViewSonic PX701-4K Advanced 3854V2,video,3378.19
"MSI Stealth Essential 14""",pc,2403.6
Samsung Odyssey 55-inch,accessories,849.39
Sony WH-1000XM4 Essential Wireless Bluetooth,audio,177.18
Dell 65W AC Adapter 6987X,accessories,24.12
Asus ROG Strix Max 1458V2,pc,4527.41
Edifier R1280T Studio,audio,115.51
Dell 65W AC Adapter 641,accessories,43.13
Apple 61W USB-C 2784V2,accessories,20.4
Optoma UHD50X Elite 1384X,video,4644.15
UGREEN USB Extension Home 4870V2,accessories,21.63
Kanto YU2 Gaming Wireless Bluetooth,audio,625.26
Anker Powerline USB-C 7550X,accessories,20.93
Anker Nebula Capsule Creator 562G,video,3319.91
Klipsch R-41M Advanced,audio,585.37
Aukey Omnia 5671X,accessories,37.83
Ultimate Ears Boom Advanced Wireless Bluetooth,audio,128.15
Bose SoundLink,audio,778.88
"Apple MacBook Air Elite 13""",pc,2599.36
Alienware Aurora Ultra 8852G,pc,4014.97
Audio-Technica ATH-M50x,audio,177.43
Philips Ambilight Home 34-inch,video,4248.6
Alienware Gaming Monitor 75-inch,accessories,1275.94
Bowers & Wilkins PX7 Wireless Bluetooth,audio,75.22
Bowers & Wilkins PX7,audio,206.75
Das Keyboard 4 Creator 3253G,accessories,113.12
"Asus ZenBook Plus 14""",pc,3496.16
Apple Lightning to USB-C Plus 2104Pro,accessories,26.6
Hisense U8G Performance 24-inch,video,3053.05
Logitech G502 Creator 5419G,accessories,103.09
Apple Magic Mouse Advanced 4170V2,accessories,84.13
Corsair Dark Core 3085X,accessories,21.59
Anker Nebula Capsule 7920,video,638.46
JBL Flip Advanced,audio,289.98
"Acer Swift Home 17""",pc,3209.04
BenQ Zowie 328Pro,accessories,113.88
Logitech G Pro 4770G,accessories,247.99
Lenovo 65W Standard Pro 8239G,accessories,31.65
Microsoft Arc Mouse Studio 8803G,accessories,58.36
Apple AirPods Max Max Wireless Bluetooth,audio,355.43
Marshall Stanmore,audio,928.14
JVC DLA-NX5 Creator 7449X,video,735.85
Syncwire Optical Audio Ultra 8180G,accessories,15.2
Corsair K95 4105G,accessories,45.16
"Dell XPS Advanced 17""",pc,603.82
Ducky One 2 3146Pro,accessories,53.8
ViewSonic PX701-4K Pro 6023G,video,3008.01
Cable Matters DisplayPort Home 7220V2,accessories,28.74
Belkin Thunderbolt 3 8241X,accessories,18.61
Bose QuietComfort 35 II Essential,audio,225.44
Samsung QLED Advanced 38-inch,video,2004.13
Anker Powerline USB-C Business 1654,accessories,32.58
Apple iMac 3045V2,pc,979.28
Sennheiser Momentum Wireless Bluetooth,audio,443.42
Alienware Aurora Ultra 3689V2,pc,2377.94
Ducky One 2 Ultra 1974V2,accessories,182.05
Dell UltraSharp Creator 34-inch,accessories,1660.28
Ducky One 2 Ultra 1564X,accessories,93.17
JVC DLA-NX5 Elite 1097X,video,3479.93
Apple iMac Ultra 9231X,pc,4009.94
Toshiba Fire TV Performance 65-inch,video,2027.4
Optoma UHD50X 644,video,2019.24
Apple 61W USB-C 8396X,accessories,69.31
CyberPowerPC Gamer 5435V2,pc,4355.49
Toshiba Fire TV Gaming 85-inch,video,630.86
Keychron K2 Essential 4741,accessories,245.28
HP Omen Studio 24-inch,accessories,1563.09
Optoma UHD50X 6088G,video,963.55
LG OLED Home 27-inch,video,1996.22
Corsair Dark Core Performance 1619,accessories,52.8
Bose SoundLink Wireless Bluetooth,audio,922.89
SteelSeries Rival Elite 187X,accessories,128.04
LG OLED 55-inch,video,4234.37
Belkin BoostCharge 2267V2,accessories,15.03
Corsair K95 6935G,accessories,205.65
Lenovo IdeaCentre Performance 2854V2,pc,4208.11
Dell Inspiron Wireless 6550Pro,pc,3013.74
XGIMI Halo 5184Pro,video,3744.7
ViewSonic PX701-4K 2480Pro,video,1994.36
Ducky One 2 Pro 7025X,accessories,219.54
Samsung Odyssey 65-inch,accessories,560.4
iBUYPOWER Pro Custom Elite 6665,pc,3703.37
UGREEN USB Extension 1322G,accessories,11.32
"Microsoft Surface Laptop 13""",pc,1227.81
"Apple MacBook Pro 17""",pc,844.14
"Asus ZenBook 16""",pc,2652.43
Belkin BoostCharge 6730V2,accessories,70.28
HP Pavilion Ultra 2327,pc,1788.03
Edifier R1280T Wireless Bluetooth,audio,857.58
Klipsch R-41M,audio,172.38
"Razer Blade 14""",pc,2318.11
Insignia F30 Home 85-inch,video,1456.57
Audioengine A2+ Plus,audio,512.51
LG CineBeam 9318,video,4051.63
Aukey Omnia Advanced 958,accessories,23.13
Lenovo 65W Standard 1815,accessories,21.12
Panasonic Lumix 65-inch,video,3493.26
iBUYPOWER Pro Custom 3896,pc,2687.64
Ugreen 65W GaN 6919Pro,accessories,43.38
Sennheiser Momentum Studio,audio,75.37
JBL Flip Pro Wireless Bluetooth,audio,823.59
HP Omen 32-inch,accessories,1576.07
Apple Magic Keyboard 3092V2,accessories,139.03
"Acer Swift Advanced 17""",pc,2733.61
Logitech G Pro Business 7839V2,accessories,99.09
JVC DLA-NX5 1545Pro,video,2882.1
"Lenovo ThinkPad Advanced 15""",pc,1620.11
Apple Magic Keyboard 9309V2,accessories,189.49
Hisense U8G 24-inch,video,1166.87
Anker Nebula Capsule Gaming 7782V2,video,3979.4
"HP Envy 14""",pc,1441.09
Satechi 108W Pro Max 5768G,accessories,81.78
Asus ROG Strix Compact 264,pc,2634.91
Syncwire Optical Audio 1150G,accessories,14.79
Keychron K2 8100X,accessories,116.1
Satechi 108W Pro 1779G,accessories,36.6
Alienware Aurora Max 1171V2,pc,4162.34
Anker Nebula Capsule 7256V2,video,4400.94
Anker Powerline USB-C Plus 8414V2,accessories,21.93
HP 45W Smart AC Advanced 3138X,accessories,17.26
UGREEN USB Extension Business 3452Pro,accessories,19.69
Razer DeathAdder Essential 6009G,accessories,88.47
"Razer Blade Ultra 14""",pc,1654.61
Beyerdynamic DT 770 Plus,audio,130.33
Audio-Technica ATH-M50x Wireless Bluetooth,audio,272.46
Glorious Model O 4907X,accessories,103.67
Bose QuietComfort 35 II,audio,210.05
Insignia F30 32-inch,video,1394.8
"Apple MacBook Pro 17"" Variant 455",pc,2868.78
BenQ Zowie Plus 2966,accessories,49.87
Belkin Thunderbolt 3 Compact 1135Pro,accessories,25.23
Optoma UHD50X 5740,video,1117.79
Glorious Model O Essential 4494,accessories,49.16
SteelSeries Apex Pro Wireless 905Pro,accessories,233.48
HyperX Alloy Origins Ultra 2696Pro,accessories,165.98
BenQ Mobiuz Elite 24-inch,accessories,791.74
Lenovo IdeaCentre 7229G,pc,833.72
Klipsch R-41M Gaming Wireless Bluetooth,audio,181.84
Asus ROG Swift 32-inch,accessories,982.55
Alienware Gaming Monitor Performance 24-inch,accessories,1287.65
Glorious Model O Wireless 2716,accessories,37.68
SteelSeries Apex Pro 7325,accessories,61.18
AAXA P6X 3333G,video,3363.83
Das Keyboard 4 2044X,accessories,95.58
Dell UltraSharp Creator 85-inch,accessories,1861.89
Cable Matters DisplayPort Creator 3896,accessories,23.98
Apple Mac mini Plus 4458G,pc,4839.68
TCL 6-Series 24-inch,video,3401.8
CyberPowerPC Gamer Essential 1263G,pc,2537.61
Bose SoundLink Plus Wireless Bluetooth,audio,499.31
"Apple MacBook Pro Ultra 16""",pc,3342.2
Jabra Elite 85h Essential Wireless Bluetooth,audio,224.39
Apple iMac 4269Pro,pc,3040.16
HP Pavilion Studio 5781Pro,pc,4234.85
Shure AONIC 50 Elite Wireless Bluetooth,audio,386.6
Das Keyboard 4 9085G,accessories,191.1
Apple Lightning to USB-C Plus 9488Pro,accessories,38.93
UGREEN USB Extension 192G,accessories,44.4
HyperX Alloy Origins Wireless 5734V2,accessories,206.31
Hisense U8G 24-inch Variant 669,video,2490.39
Sony WH-1000XM4 Plus Wireless Bluetooth,audio,184.43
Sennheiser Momentum,audio,128.6
JBL Flip Plus,audio,586.83
"Asus ZenBook Plus 15""",pc,3277.01
Apple iMac 7278Pro,pc,4508.08
Belkin BoostCharge 4650V2,accessories,60.65
AKG K371 Elite Wireless Bluetooth,audio,433.23
Logitech G Pro Pro 6218G,accessories,237.52
Logitech MX Keys 1180X,accessories,141.31
Audioengine A2+ Essential Wireless Bluetooth,audio,937.56
Lenovo 65W Standard 3357,accessories,67.27
Logitech MX Keys 8566G,accessories,166.79
SteelSeries Rival 4801G,accessories,89.05
Apple Lightning to USB-C Ultra 1361Pro,accessories,31.45
Anker PowerPort 1020X,accessories,46.08
Samsung QLED 48-inch,video,4789.68
Anker PowerPort Elite 5066V2,accessories,35.66
Vizio P-Series Advanced 38-inch,video,4634.96
Vizio P-Series 55-inch,video,2033.8
Hisense U8G Essential 65-inch,video,604.15
Samsung Odyssey 24-inch,accessories,1382.21
Fasgear PCIe Power 3527Pro,accessories,8.93
Sony VPL-VW295ES Wireless 2180Pro,video,1785.14
Alienware Gaming Monitor Performance 34-inch,accessories,1853.35
Acer Predator Orion 3819G,pc,1534.61
Bowers & Wilkins PX7 Gaming Wireless Bluetooth,audio,330.18
Asus ROG Strix 6330G,pc,4261.52
AmazonBasics HDMI Advanced 8868,accessories,29.57
"Apple MacBook Pro 15""",pc,3219.65
Dell Inspiron Wireless 1034V2,pc,687.35
Lenovo IdeaCentre Elite 4286G,pc,1271.75
Das Keyboard 4 Max 8404G,accessories,133.94
JBL Flip,audio,541.99
AKG K371,audio,106.48
iBUYPOWER Pro Custom Studio 5851X,pc,1055.29
AKG K371 Business,audio,173.54
Razer BlackWidow Plus 5120X,accessories,82.28
"MSI Stealth Home 15""",pc,3896.19
Apple iMac Plus 331X,pc,3629.7
Logitech G502 8621,accessories,70.53
HP 45W Smart AC 3529,accessories,51.7
"Lenovo ThinkPad 13""",pc,3426.67
iBUYPOWER Pro Custom Compact 8773X,pc,4620.55
Sony VPL-VW295ES 2601G,video,5738.98
Sony Bravia 75-inch,video,3311.86
SteelSeries Rival Business 7421X,accessories,131.49
Microsoft Arc Mouse Performance 7687Pro,accessories,34.97
Sennheiser Momentum Variant 936,audio,317.55
Insignia F30 Studio 65-inch,video,4539.27
AKG K371 Wireless Bluetooth,audio,437.92
Anker Nebula Capsule Max 7820G,video,2893.81
Ducky One 2 Compact 8841Pro,accessories,176.15
KEF LSX Pro,audio,186.86
Optoma UHD50X Home 7123G,video,5813.64
Bose QuietComfort 35 II Wireless Bluetooth Variant 822,audio,172.94
Acer Predator Orion 9669Pro,pc,1953.19
Lenovo 65W Standard Elite 9388X,accessories,89.51
Apple Lightning to USB-C Business 671Pro,accessories,39.94
SteelSeries Apex Pro Compact 3627V2,accessories,44.68
Razer BlackWidow Gaming 5024G,accessories,97.99
Logitech G502 Business 3956V2,accessories,142.63
Sennheiser Momentum Compact,audio,478.31
Das Keyboard 4 Business 4952Pro,accessories,94.87
"Apple MacBook Air 16""",pc,1288.69
"HP Envy Ultra 16""",pc,3624.83
AAXA P6X Creator 7632G,video,522.91
JBL Flip Ultra,audio,592.76
Klipsch R-41M Wireless Bluetooth,audio,889.1
Das Keyboard 4 8728,accessories,107.91
Fasgear PCIe Power Business 4323G,accessories,41.0
StarTech DisplayPort 8357,accessories,8.7
Samsung Odyssey Plus 32-inch,accessories,1073.15
AmazonBasics HDMI Essential 8900V2,accessories,34.62
LG UltraFine 75-inch,accessories,1021.81
Anker PowerPort 6180X,accessories,32.07
Shure AONIC 50 Business,audio,459.59
Philips Ambilight Elite 48-inch,video,864.99
KEF LSX Max,audio,268.87
Apple Magic Keyboard 8798G,accessories,67.15
Monoprice Ethernet 3165,accessories,11.81
Microsoft Arc Mouse Gaming 1441X,accessories,61.41
Syncwire Optical Audio 9515Pro,accessories,29.03
Audio-Technica ATH-M50x Studio,audio,520.24
Belkin Thunderbolt 3 Home 981X,accessories,41.56
Alienware Gaming Monitor 27-inch,accessories,559.21
ViewSonic PX701-4K Plus 9456G,video,2125.63
ViewSonic Elite Business 65-inch,accessories,221.97
SteelSeries Rival Gaming 1149,accessories,26.78
Apple Mac mini 8964G,pc,598.63
KEF LSX Pro Wireless Bluetooth,audio,330.34
Satechi 108W Pro Wireless 3055,accessories,31.0
HyperX Alloy Origins Performance 4128X,accessories,66.17
Glorious Model O 957Pro,accessories,56.01
"Apple MacBook Air Home 15""",pc,2927.89
HP 45W Smart AC 6065,accessories,96.57
"Lenovo ThinkPad 17""",pc,1122.85
Dell 65W AC Adapter Studio 5585G,accessories,54.69
Klipsch R-41M Wireless Bluetooth Variant 938,audio,383.39
AKG K371 Studio Wireless Bluetooth,audio,226.8
Audio-Technica ATH-M50x Variant 661,audio,99.64
UGREEN USB Extension Business 4872V2,accessories,10.54
Logitech G502 Essential 5953G,accessories,143.94
ViewSonic PX701-4K 3618Pro,video,831.68
CyberPowerPC Gamer Essential 2952,pc,4585.04
Logitech MX Keys 8669G,accessories,68.5
Epson Home Cinema 9066G,video,4758.21
Keychron K2 Studio 3953V2,accessories,206.94
Belkin BoostCharge Ultra 7130G,accessories,87.16
Apple Mac mini 1162,pc,707.48
KEF LSX Ultra,audio,775.19
Beyerdynamic DT 770 Pro Wireless Bluetooth,audio,81.74
Dell UltraSharp 34-inch,accessories,536.15
Apple Mac mini 6666V2,pc,3985.2
Audio-Technica ATH-M50x Max Wireless Bluetooth,audio,291.91
Logitech G Pro Performance 5845,accessories,73.62
HP 45W Smart AC Max 1108V2,accessories,77.48
Beyerdynamic DT 770 Advanced Wireless Bluetooth,audio,294.13
LG OLED Home 24-inch,video,1164.95
Syncwire Optical Audio 8671Pro,accessories,19.41
Satechi 108W Pro Elite 9571V2,accessories,43.23
Belkin Thunderbolt 3 Elite 3417X,accessories,42.27
Kanto YU2 Business,audio,934.05
Anker Powerline USB-C Ultra 7443Pro,accessories,10.29
Sony WH-1000XM4 Performance,audio,212.11
Razer DeathAdder 1805G,accessories,137.32
Alienware Aurora 5519,pc,4678.83
Insignia F30 Essential 38-inch,video,4573.08
Bose SoundLink Plus Wireless Bluetooth Variant 798,audio,430.59
Samsung QLED Elite 75-inch,video,2479.53
"Apple MacBook Air Gaming 17""",pc,726.27
Lenovo 65W Standard Pro 291,accessories,31.3
Satechi 108W Pro Advanced 5934,accessories,43.47
Philips Ambilight Max 24-inch,video,3970.99
Logitech MX Master Creator 4247V2,accessories,39.73
Lenovo 65W Standard Ultra 2896,accessories,43.55
Ducky One 2 Plus 9207,accessories,214.37
Kanto YU2 Advanced,audio,743.22
Logitech MX Keys 6231X,accessories,67.45
Sony WH-1000XM4 Pro Wireless Bluetooth,audio,111.6
Das Keyboard 4 Creator 3906,accessories,224.25
"Dell XPS 17""",pc,3311.26
LG UltraFine Wireless 34-inch,accessories,1282.18
Sennheiser Momentum Variant 487,audio,367.76
Logitech G Pro 6349V2,accessories,109.66
Samsung QLED Pro 85-inch,video,4438.88
BenQ Zowie Gaming 7997Pro,accessories,23.53
AKG K371 Wireless Bluetooth Variant 392,audio,415.08
HP 45W Smart AC Plus 9134Pro,accessories,85.89
"Asus ZenBook 14""",pc,3896.06
Sony WH-1000XM4 Gaming Wireless Bluetooth,audio,305.43
HP Omen 48-inch,accessories,1238.94
ViewSonic PX701-4K 7876,video,5792.57
HP 45W Smart AC 4918,accessories,89.96
Kanto YU2 Business Variant 391,audio,771.65
Sony Bravia Pro 32-inch,video,4682.2
Anker PowerPort 7913Pro,accessories,98.82
Apple Mac mini Wireless 1789Pro,pc,3237.06
ViewSonic Elite Advanced 24-inch,accessories,1028.32
Asus ROG Strix 5903G,pc,4393.6
"Dell XPS 17"" Variant 427",pc,2814.06
KEF LSX Wireless Bluetooth,audio,684.1
TCL 6-Series 55-inch,video,689.6
Apple 61W USB-C 7849,accessories,42.26
BenQ TK850 Wireless 3626Pro,video,5575.84
Anker PowerPort 4876,accessories,77.25
Cable Matters DisplayPort Ultra 1763Pro,accessories,26.59
SteelSeries Rival 4751G,accessories,60.32
Gigabyte AORUS 38-inch,accessories,416.38
"Razer Blade Essential 13""",pc,2752.69
Das Keyboard 4 Max 3218,accessories,93.42
Belkin Thunderbolt 3 Performance 7645V2,accessories,40.68
Apple AirPods Max Creator,audio,230.67
Bose QuietComfort 35 II Wireless Bluetooth Variant 225,audio,111.78
Beyerdynamic DT 770 Essential Wireless Bluetooth,audio,51.96
KEF LSX Essential,audio,605.31
Lenovo 65W Standard Wireless 4376X,accessories,19.28
BenQ TK850 Elite 8822X,video,1218.39
Sonos One,audio,274.01
Bose QuietComfort 35 II Business Wireless Bluetooth,audio,108.08
RAVPower 65W PD 1337X,accessories,34.6
"HP Envy 13""",pc,1441.6
Apple iMac Plus 8246X,pc,893.99
AAXA P6X Studio 6582V2,video,3829.76
Logitech G Pro Business 3995,accessories,78.96
Lenovo IdeaCentre 784V2,pc,2125.82
AmazonBasics HDMI Advanced 6667,accessories,20.57
Das Keyboard 4 Creator 4342V2,accessories,196.67
Apple 61W USB-C Advanced 9805Pro,accessories,98.86
UGREEN USB Extension 4129X,accessories,39.79
"Apple MacBook Pro Ultra 16"" Variant 349",pc,2566.89
Bowers & Wilkins PX7 Plus Wireless Bluetooth,audio,435.92
RAVPower 65W PD 1811Pro,accessories,66.83
Acer Predator Orion 8718,pc,1480.68
Sony Bravia 34-inch,video,3678.49
iBUYPOWER Pro Custom Creator 8940,pc,2470.63
ViewSonic PX701-4K 4303,video,5663.89
HP 45W Smart AC Studio 115V2,accessories,36.54
Corsair Dark Core Pro 9565Pro,accessories,129.4
Samsung Odyssey Max 48-inch,accessories,1042.39
Klipsch R-41M Wireless Bluetooth Variant 661,audio,312.66
Das Keyboard 4 324,accessories,171.07
Sony VPL-VW295ES 7079V2,video,2337.28
Gigabyte AORUS Plus 32-inch,accessories,1186.8
XGIMI Halo 6836G,video,2736.14
Optoma UHD50X 4129Pro,video,3954.75
Dell Inspiron Max 1096V2,pc,4378.81
Samsung QLED 75-inch,video,705.04
HP Omen 48-inch Variant 276,accessories,1277.44
Kanto YU2 Studio,audio,810.19
Optoma UHD50X Pro 7121G,video,5228.47
Razer DeathAdder Performance 5914G,accessories,96.18
HyperX Alloy Origins Wireless 6383,accessories,210.46
"Razer Blade 13""",pc,2001.34
Anker Nebula Capsule 3722V2,video,4434.53
Ultimate Ears Boom Plus Wireless Bluetooth,audio,799.37
Alienware Gaming Monitor Advanced 85-inch,accessories,657.52
Alienware Gaming Monitor Creator 24-inch,accessories,1750.8
Bose QuietComfort 35 II Variant 486,audio,490.25
"MSI Stealth 15""",pc,2336.71
Cable Matters DisplayPort Pro 2304G,accessories,26.15
Dell UltraSharp Gaming 32-inch,accessories,526.99
Alienware Gaming Monitor Elite 75-inch,accessories,1799.64
Asus ROG Strix 928X,pc,1392.66
Bose QuietComfort 35 II Variant 776,audio,123.47
Asus ROG Swift 48-inch,accessories,1038.53
Bose SoundLink Studio Wireless Bluetooth,audio,615.53
Dell Inspiron Studio 8491,pc,3679.11
"Asus ZenBook 14"" Variant 251",pc,2529.1
Asus ROG Strix Home 6820,pc,3661.28
Anker PowerPort Advanced 7544X,accessories,32.94
Corsair Dark Core 2832G,accessories,95.76
Acer Predator Orion 4768V2,pc,3799.18
UGREEN USB Extension Essential 2239G,accessories,28.13
Bose QuietComfort 35 II Wireless Bluetooth Variant 61,audio,518.1
CyberPowerPC Gamer Studio 4448X,pc,1502.74
Samsung Odyssey 55-inch Variant 135,accessories,1192.26
KEF LSX Wireless Bluetooth Variant 229,audio,380.5
Sony VPL-VW295ES Creator 4965,video,3601.5
Dell UltraSharp Elite 34-inch,accessories,429.17
Dell Inspiron Ultra 8336X,pc,2279.58
Philips Ambilight Compact 48-inch,video,3677.49
"Dell XPS Advanced 15""",pc,3505.48
Sennheiser Momentum Creator,audio,140.68
"Microsoft Surface Laptop Compact 14""",pc,3800.05
Apple Lightning to USB-C 6241,accessories,40.27
Asus ROG Strix Compact 9026G,pc,2139.6
Razer DeathAdder Business 1052G,accessories,59.58
LG CineBeam Creator 9066V2,video,425.36
"Dell XPS Pro 13""",pc,2980.45
Kanto YU2 Wireless Wireless Bluetooth,audio,158.13
HP 45W Smart AC Elite 7801G,accessories,63.79
Apple Magic Mouse Essential 7922V2,accessories,46.58
HP Omen Wireless 32-inch,accessories,1550.91
Corsair Dark Core Home 6842Pro,accessories,73.59
Vizio P-Series 48-inch,video,4581.65
Gigabyte AORUS Compact 85-inch,accessories,320.96
Glorious Model O 8114V2,accessories,139.94
RAVPower 65W PD Performance 2848,accessories,34.65
Sony VPL-VW295ES Pro 5332G,video,688.64
Fasgear PCIe Power Business 6064Pro,accessories,22.77
Klipsch R-41M Wireless Wireless Bluetooth,audio,224.87
Sony Bravia Essential 65-inch,video,4059.56
"Dell XPS Business 15""",pc,2382.42
LG CineBeam Studio 3977,video,3202.56
RAVPower 65W PD Business 8992,accessories,49.65
Monoprice Ethernet Compact 1483X,accessories,44.57
Aukey Omnia 876,accessories,72.74
"HP Spectre Ultra 13""",pc,3753.2
Apple Lightning to USB-C Creator 7423Pro,accessories,32.59
"HP Spectre Essential 17""",pc,2865.62
"MSI Stealth 17""",pc,3574.77
LG UltraFine Elite 42-inch,accessories,308.45
Cable Matters DisplayPort Performance 1699X,accessories,24.37
CyberPowerPC Gamer 7336G,pc,1154.41
JBL Flip Max,audio,108.59
Ultimate Ears Boom Wireless Bluetooth,audio,742.59
"Lenovo ThinkPad Business 15""",pc,2841.64
Corsair K95 8987Pro,accessories,148.84
Logitech MX Master 2743,accessories,91.12
Aukey Omnia 4702V2,accessories,18.14
Marshall Stanmore Wireless Bluetooth,audio,714.99
Hisense U8G Home 48-inch,video,3585.72
"Lenovo ThinkPad Plus 16""",pc,2997.81
HP Omen 75-inch,accessories,200.04
"Dell XPS Plus 15""",pc,555.32
Sony WH-1000XM4 Wireless Bluetooth Variant 670,audio,514.5
Anker Powerline USB-C Home 3296X,accessories,39.0
Razer DeathAdder Advanced 3983Pro,accessories,62.48
HP Omen 42-inch,accessories,1725.69
"Lenovo ThinkPad Studio 14""",pc,2485.68
"Microsoft Surface Laptop 16""",pc,583.85
ViewSonic Elite 24-inch,accessories,1016.87
Logitech MX Keys 6282X,accessories,80.06
Glorious Model O 5576V2,accessories,111.99
Ultimate Ears Boom Studio,audio,461.59
AKG K371 Variant 8,audio,128.18
Dell UltraSharp Creator 27-inch,accessories,1224.96
BenQ Zowie Business 545X,accessories,107.49
Apple iMac 5394Pro,pc,1273.62
Jabra Elite 85h Wireless Bluetooth,audio,548.58
Ducky One 2 9361X,accessories,204.22
Sennheiser Momentum Pro,audio,478.71
Sony VPL-VW295ES Creator 6849,video,3561.93
Bose QuietComfort 35 II Wireless Wireless Bluetooth,audio,182.84
Sony WH-1000XM4 Essential,audio,134.44
Bowers & Wilkins PX7 Wireless Wireless Bluetooth,audio,489.77
Jabra Elite 85h Essential Wireless Bluetooth Variant 998,audio,547.41
Apple Magic Keyboard Creator 4485G,accessories,185.16
Lenovo 65W Standard 2564,accessories,15.1
Microsoft Arc Mouse Studio 2417X,accessories,62.62
Monoprice Ethernet 4673V2,accessories,44.98
Lenovo IdeaCentre 4707G,pc,1034.28
Alienware Aurora 5713G,pc,1250.08
"Asus ZenBook Max 14""",pc,3226.98
TCL 6-Series 38-inch,video,982.89
Asus ROG Strix Ultra 6372X,pc,3442.57
Sennheiser Momentum Variant 90,audio,338.15
Monoprice Ethernet Wireless 7404X,accessories,28.57
SteelSeries Apex Pro 4306,accessories,227.08
Ultimate Ears Boom Wireless Bluetooth Variant 165,audio,913.44
Apple AirPods Max Wireless Bluetooth,audio,126.84
Lenovo 65W Standard Gaming 6146G,accessories,60.39
Belkin Thunderbolt 3 Max 4723Pro,accessories,10.74
Logitech MX Master Gaming 3966,accessories,95.61
Bose SoundLink Elite Wireless Bluetooth,audio,915.5
CyberPowerPC Gamer 3525V2,pc,1169.38
"Asus ZenBook Business 14""",pc,1695.01
CyberPowerPC Gamer Performance 1146V2,pc,1729.6
Philips Ambilight Studio 55-inch,video,1214.76
Apple 61W USB-C Compact 9129X,accessories,41.07
"Razer Blade Ultra 14"" Variant 300",pc,2506.71
Kanto YU2 Wireless Bluetooth,audio,602.28
Vizio P-Series 55-inch Variant 435,video,309.53
Jabra Elite 85h Wireless Wireless Bluetooth,audio,502.58
Sonos One Essential Wireless Bluetooth,audio,261.01
Apple iMac 316X,pc,1954.88
RAVPower 65W PD Studio 4655G,accessories,75.64
Razer Viper Creator 7701X,accessories,142.67
ViewSonic Elite 48-inch,accessories,1510.5
Acer Predator Orion Gaming 9585Pro,pc,1628.22
Acer Predator 65-inch,accessories,480.6
"HP Envy 17""",pc,2346.14
Sony WH-1000XM4,audio,425.25
"Dell XPS Max 14""",pc,580.91
Apple iMac 705X,pc,4845.83
Keychron K2 1321,accessories,40.39
AAXA P6X 3460Pro,video,2944.35
Belkin Thunderbolt 3 4033Pro,accessories,39.45
AAXA P6X 9490,video,5647.89
"MSI Stealth 14""",pc,2031.0
ViewSonic Elite Max 42-inch,accessories,157.18
Razer Viper Plus 499V2,accessories,52.48
Apple Magic Keyboard Advanced 1164X,accessories,210.66
Anker Powerline USB-C 8164,accessories,44.5
BenQ TK850 Max 5597,video,2033.13
TCL 6-Series 65-inch,video,1391.29
SteelSeries Apex Pro Max 3872,accessories,179.07
Audioengine A2+ Wireless,audio,125.44
Ultimate Ears Boom Wireless Bluetooth Variant 449,audio,910.65
Sonos One Wireless Bluetooth,audio,951.83
BenQ TK850 Essential 7295,video,3405.55
HP Omen Gaming 24-inch,accessories,693.5
Dell 65W AC Adapter Creator 9288X,accessories,56.2
Bose QuietComfort 35 II Variant 626,audio,324.2
Alienware Aurora Essential 7094V2,pc,4387.95
BenQ Mobiuz 32-inch,accessories,970.83
Acer Predator Ultra 34-inch,accessories,1303.49
Ducky One 2 Plus 3654Pro,accessories,248.21
Beyerdynamic DT 770 Pro,audio,442.63
Acer Predator 65-inch Variant 341,accessories,1770.01
Glorious Model O Essential 7068G,accessories,58.39
Kanto YU2 Wireless Bluetooth Variant 503,audio,941.67
Insignia F30 Compact 38-inch,video,468.82
Gigabyte AORUS Pro 32-inch,accessories,780.4
Lenovo IdeaCentre 4384G,pc,2569.5
LG UltraFine 42-inch,accessories,1904.96
Audioengine A2+ Wireless Variant 508,audio,376.98
"Dell XPS 14""",pc,2224.22
AKG K371 Wireless Bluetooth Variant 707,audio,237.35
Bowers & Wilkins PX7 Business,audio,62.68
AKG K371 Advanced,audio,391.04
Belkin Thunderbolt 3 Plus 9867V2,accessories,14.66
JBL Flip Wireless Bluetooth,audio,998.74
SteelSeries Rival Studio 5339V2,accessories,109.15
Beyerdynamic DT 770 Essential Wireless Bluetooth Variant 450,audio,243.85
Philips Ambilight Gaming 24-inch,video,1189.93
Audioengine A2+ Creator Wireless Bluetooth,audio,582.28
JBL Flip Ultra Variant 953,audio,631.99
Audio-Technica ATH-M50x Essential Wireless Bluetooth,audio,319.3
BenQ TK850 Home 9282,video,1736.43
Keychron K2 Performance 4272,accessories,92.07
Sony WH-1000XM4 Variant 703,audio,509.29
Dell Inspiron Compact 6301V2,pc,614.47
Hisense U8G 48-inch,video,4610.26
Insignia F30 Performance 75-inch,video,4249.04
SteelSeries Apex Pro Compact 463G,accessories,210.59
Apple iMac Performance 4593,pc,3613.85
Razer Viper Business 6389V2,accessories,111.68
Lenovo IdeaCentre Wireless 4307,pc,3353.13
Dell Inspiron Performance 9738Pro,pc,4473.74
BenQ TK850 Home 1519X,video,4183.34
AAXA P6X 8135Pro,video,5930.78
TCL 6-Series Plus 27-inch,video,4306.37
Dell UltraSharp Home 42-inch,accessories,1808.08
HP Pavilion 8713G,pc,3826.02
ViewSonic Elite 85-inch,accessories,1651.08
Apple 61W USB-C 6457Pro,accessories,87.16
AmazonBasics HDMI Wireless 3727V2,accessories,42.4
HP Omen 75-inch Variant 102,accessories,972.33
Apple iMac Pro 6378,pc,3481.15
Ducky One 2 Business 4086V2,accessories,129.51
Cable Matters DisplayPort Elite 6016X,accessories,12.02
Anker PowerPort 7180Pro,accessories,93.98
Das Keyboard 4 9249G,accessories,240.78
Klipsch R-41M Wireless Wireless Bluetooth Variant 487,audio,332.63
Dell Inspiron Plus 4339,pc,4195.72
Alienware Gaming Monitor Advanced 38-inch,accessories,329.76
Sonos One Performance,audio,615.46
Kanto YU2 Max,audio,833.66
Shure AONIC 50 Wireless Bluetooth,audio,383.97
"Apple MacBook Air Wireless 14""",pc,992.79
HP Pavilion Performance 7099X,pc,1705.76
Corsair Dark Core 9634X,accessories,44.18
Razer BlackWidow Compact 7988V2,accessories,142.04
Audioengine A2+ Business Wireless Bluetooth,audio,455.98
Monoprice Ethernet Home 6059Pro,accessories,27.15
Sennheiser Momentum Wireless Bluetooth Variant 493,audio,543.33
Kanto YU2 Wireless Bluetooth Variant 875,audio,998.26
Belkin Thunderbolt 3 1657V2,accessories,42.7
Marshall Stanmore Creator Wireless Bluetooth,audio,797.06
Philips Ambilight Plus 34-inch,video,3421.62
HP 45W Smart AC Creator 5767Pro,accessories,86.21
LG OLED Elite 24-inch,video,4690.37
LG OLED Gaming 27-inch,video,1668.32
"Lenovo ThinkPad 13"" Variant 247",pc,3061.32
Gigabyte AORUS 32-inch,accessories,883.71
Dell Inspiron 112,pc,2449.65
BenQ Zowie Plus 5537Pro,accessories,132.01
Anker Nebula Capsule 2880Pro,video,4162.69
Bose QuietComfort 35 II Variant 28,audio,390.63
Microsoft Arc Mouse 7906X,accessories,41.73
Epson Home Cinema Compact 6343X,video,3483.46
Cable Matters DisplayPort Home 2175,accessories,42.97
Apple Magic Mouse Home 9349,accessories,75.47
UGREEN USB Extension Performance 4730,accessories,36.85
Audio-Technica ATH-M50x Variant 592,audio,191.96
"MSI Stealth 13""",pc,2981.47
Apple Magic Keyboard 4145Pro,accessories,124.26
Logitech MX Keys Essential 9783Pro,accessories,116.37
Apple Magic Mouse Elite 8604Pro,accessories,129.22
AAXA P6X Wireless 6723G,video,1610.99
Razer Viper Wireless 482V2,accessories,118.02
"Apple MacBook Pro 17"" Variant 863",pc,3810.65
"Dell XPS 14"" Variant 545",pc,2102.48
SteelSeries Rival 6577G,accessories,141.55
Apple 61W USB-C 1734G,accessories,52.84
Sonos One Performance Variant 744,audio,832.39
ViewSonic Elite Pro 42-inch,accessories,482.13
Cable Matters DisplayPort Max 7158Pro,accessories,10.88
ViewSonic Elite Business 85-inch,accessories,451.41
UGREEN USB Extension 1286X,accessories,16.33
Sony WH-1000XM4 Elite,audio,485.43
HP 45W Smart AC 7334G,accessories,31.09
Razer Viper Advanced 601,accessories,148.87
Razer Viper 9889,accessories,41.96
Microsoft Arc Mouse 1824Pro,accessories,136.37
HP Omen 32-inch Variant 241,accessories,811.91
Klipsch R-41M Max,audio,190.26
CyberPowerPC Gamer 3852X,pc,630.12
HP Pavilion Business 8502V2,pc,1337.66
Jabra Elite 85h Studio Wireless Bluetooth,audio,503.6
LG UltraFine 32-inch,accessories,1810.31
RAVPower 65W PD Compact 129X,accessories,50.01
Glorious Model O 465G,accessories,95.7
Razer Viper 2139G,accessories,21.94
Corsair Dark Core Wireless 3642Pro,accessories,83.97
Dell Inspiron Advanced 9187Pro,pc,1045.98
SteelSeries Apex Pro 3225Pro,accessories,149.3
Sony VPL-VW295ES Pro 7936Pro,video,3510.31
Bose QuietComfort 35 II Wireless Wireless Bluetooth Variant 203,audio,87.03
Bose QuietComfort 35 II Max Wireless Bluetooth,audio,213.5
Samsung QLED Ultra 32-inch,video,674.53
Hisense U8G 55-inch,video,3774.96
Acer Predator Orion Advanced 5781Pro,pc,4638.76
Dell UltraSharp 55-inch,accessories,1149.23
SteelSeries Rival 3974V2,accessories,28.86
Apple 61W USB-C Essential 1546,accessories,68.3
BenQ Mobiuz Max 24-inch,accessories,1796.28
ViewSonic Elite 24-inch Variant 72,accessories,1456.43
"Asus ZenBook Elite 14""",pc,932.89
Microsoft Arc Mouse 2699Pro,accessories,34.19
Sony WH-1000XM4 Compact,audio,539.81
Acer Predator Orion Gaming 6580Pro,pc,3892.17
Razer Viper Wireless 5708G,accessories,37.77
HP 45W Smart AC 3137,accessories,35.26
Optoma UHD50X Ultra 5955X,video,2264.33
Apple Magic Mouse Plus 3124G,accessories,27.58
Aukey Omnia 6117G,accessories,62.59
BenQ Mobiuz Creator 85-inch,accessories,468.9
KEF LSX,audio,807.81
JVC DLA-NX5 Plus 2457V2,video,2313.38
Dell UltraSharp Plus 38-inch,accessories,1181.77
Sony Bravia 65-inch,video,1577.94
Audioengine A2+,audio,286.13
Sennheiser Momentum Wireless Bluetooth Variant 455,audio,469.54
ViewSonic PX701-4K Wireless 6525G,video,2725.48
Anker PowerPort 2598,accessories,93.2
BenQ TK850 Essential 4793G,video,4371.82
Corsair Dark Core Creator 5765V2,accessories,38.09
Jabra Elite 85h Gaming Wireless Bluetooth,audio,293.29
AKG K371 Business Wireless Bluetooth,audio,345.01
"Dell XPS Advanced 17"" Variant 800",pc,2169.6
Das Keyboard 4 Ultra 8150X,accessories,185.85
Razer BlackWidow Studio 7384G,accessories,179.11
Razer Viper 7561V2,accessories,121.5
AmazonBasics HDMI 4766Pro,accessories,43.48
RAVPower 65W PD 2590G,accessories,95.38
Hisense U8G Essential 85-inch,video,2985.11
Monoprice Ethernet 9247Pro,accessories,38.95
Marshall Stanmore Wireless Bluetooth Variant 979,audio,605.99
Apple Magic Keyboard Plus 8894X,accessories,93.92
Asus ROG Strix 2896,pc,573.77
Lenovo IdeaCentre Plus 6319X,pc,2176.28
Bose QuietComfort 35 II Variant 831,audio,429.62
Razer BlackWidow 7297V2,accessories,122.99
Das Keyboard 4 8597Pro,accessories,196.27
SteelSeries Rival 1528Pro,accessories,102.14
"Acer Swift Elite 13""",pc,1652.26
Lenovo IdeaCentre Max 9352Pro,pc,606.12
Dell Inspiron 4473V2,pc,4206.36
Dell Inspiron 5616G,pc,3065.02
Apple Mac mini 3196,pc,3213.32
Audio-Technica ATH-M50x Wireless Bluetooth Variant 392,audio,471.37
Fasgear PCIe Power 2605G,accessories,12.3
Das Keyboard 4 4211X,accessories,184.33
Glorious Model O Advanced 4697Pro,accessories,86.41
Sony VPL-VW295ES Elite 3438G,video,2985.09
Sony VPL-VW295ES Creator 7652Pro,video,5168.72
Ultimate Ears Boom Wireless Bluetooth Variant 556,audio,766.97
Hisense U8G Creator 34-inch,video,3436.3
Apple 61W USB-C Home 4556,accessories,26.58
Toshiba Fire TV 32-inch,video,474.45
"Microsoft Surface Laptop Essential 16""",pc,1923.77
Ugreen 65W GaN Wireless 8088Pro,accessories,90.45
"Acer Swift 15""",pc,1173.31
Toshiba Fire TV 24-inch,video,2973.36
HyperX Alloy Origins Home 4545G,accessories,141.41
BenQ Mobiuz 27-inch,accessories,1645.11
"Acer Swift 16""",pc,526.1
HP Omen Advanced 32-inch,accessories,1456.69
Apple Magic Mouse Compact 2029Pro,accessories,69.76
"MSI Stealth Gaming 16""",pc,2408.08
Bowers & Wilkins PX7 Performance,audio,455.88
Vizio P-Series 27-inch,video,2492.0
Marshall Stanmore Wireless Bluetooth Variant 285,audio,458.16
XGIMI Halo Studio 9786X,video,721.3
Apple Magic Keyboard 5712G,accessories,222.88
Belkin Thunderbolt 3 Ultra 7839V2,accessories,39.46
Keychron K2 4727Pro,accessories,158.52
Optoma UHD50X Creator 2620X,video,5562.03
Asus ROG Swift Wireless 48-inch,accessories,211.3
Logitech G Pro Max 2751X,accessories,196.1
Satechi 108W Pro 4285Pro,accessories,26.07
HP 45W Smart AC 1959Pro,accessories,15.89
Satechi 108W Pro 1974G,accessories,95.49
Anker Nebula Capsule 9696V2,video,5745.65
Acer Predator Orion Creator 310Pro,pc,4174.97
KEF LSX Variant 143,audio,182.87
"Apple MacBook Pro Max 16""",pc,1274.98
Samsung QLED 65-inch,video,3104.24
Logitech MX Master Performance 1775G,accessories,127.91
Audioengine A2+ Pro Wireless Bluetooth,audio,293.82
Samsung Odyssey 24-inch Variant 316,accessories,1052.89
Dell UltraSharp Studio 75-inch,accessories,1573.14
"Acer Swift Plus 16""",pc,1688.56
"HP Envy 14"" Variant 637",pc,2659.4
ViewSonic Elite 75-inch,accessories,1965.85
Gigabyte AORUS Home 38-inch,accessories,1535.47
Apple iMac 6853X,pc,714.19
Jabra Elite 85h Elite,audio,535.13
XGIMI Halo 7550,video,1101.68
Anker Nebula Capsule Essential 6516G,video,853.36
Acer Predator Orion Studio 9836,pc,3121.48
Satechi 108W Pro Creator 9477Pro,accessories,45.07
Razer BlackWidow 9381Pro,accessories,32.1
LG CineBeam Gaming 6951V2,video,664.18
HP Omen 85-inch,accessories,1949.45
LG OLED Business 34-inch,video,3586.46
Belkin BoostCharge 3858Pro,accessories,80.17
Samsung QLED Max 55-inch,video,1793.64
Apple iMac Compact 1101Pro,pc,3470.81
BenQ Mobiuz Studio 42-inch,accessories,1645.34
JVC DLA-NX5 Wireless 7242V2,video,1074.3
Kanto YU2,audio,503.12
Philips Ambilight Business 75-inch,video,4133.2
Lenovo 65W Standard Wireless 4628,accessories,72.1
Aukey Omnia 2231V2,accessories,51.25
StarTech DisplayPort 3503,accessories,44.39
Audio-Technica ATH-M50x Wireless Bluetooth Variant 840,audio,83.9
Dell UltraSharp 55-inch Variant 163,accessories,899.66
HyperX Alloy Origins 3338G,accessories,57.69
LG OLED 42-inch,video,1120.98
Audioengine A2+ Wireless Bluetooth,audio,757.55
Aukey Omnia Home 5777,accessories,24.24
Panasonic Lumix Gaming 48-inch,video,2806.96
Edifier R1280T Max,audio,519.66
RAVPower 65W PD Performance 1763X,accessories,28.14
Logitech MX Master Studio 3749V2,accessories,84.89
Panasonic Lumix 24-inch,video,3640.85
"HP Spectre Plus 17""",pc,883.65
Insignia F30 Plus 38-inch,video,4923.68
ViewSonic PX701-4K Studio 5179V2,video,714.51
Audio-Technica ATH-M50x Home Wireless Bluetooth,audio,202.03
iBUYPOWER Pro Custom Pro 3673G,pc,4358.1
Razer DeathAdder 4032,accessories,130.69
ViewSonic PX701-4K 6954,video,5957.12
Microsoft Arc Mouse 5058X,accessories,81.87
Optoma UHD50X Compact 836G,video,2365.49
Sonos One Compact,audio,188.39
Toshiba Fire TV Max 24-inch,video,442.89
XGIMI Halo 2081Pro,video,1919.56
Logitech G Pro Creator 712Pro,accessories,95.4
Samsung Odyssey Performance 32-inch,accessories,1907.73
"Microsoft Surface Laptop Pro 17""",pc,2015.6
Apple Lightning to USB-C 5764V2,accessories,13.03
LG CineBeam Business 8977V2,video,2617.98
Keychron K2 Studio 3310,accessories,110.43
"Lenovo ThinkPad 16""",pc,3339.64
AAXA P6X Creator 2197X,video,675.56
Sony VPL-VW295ES Ultra 4333X,video,3940.35
"HP Spectre 15""",pc,3206.23
Asus ROG Swift 24-inch,accessories,1367.13
Klipsch R-41M Variant 694,audio,198.22
Satechi 108W Pro 5048X,accessories,95.62
"Apple MacBook Pro 16""",pc,2487.2
Vizio P-Series Essential 65-inch,video,1299.63
HP Omen Plus 38-inch,accessories,1214.35
ViewSonic Elite 75-inch Variant 733,accessories,391.0
Glorious Model O Essential 2031,accessories,108.41
Klipsch R-41M Compact Wireless Bluetooth,audio,452.95
Fasgear PCIe Power Elite 9709G,accessories,30.66
Vizio P-Series Gaming 42-inch,video,4836.72
AAXA P6X Essential 4916Pro,video,3240.94
Gigabyte AORUS Max 75-inch,accessories,363.08
Das Keyboard 4 Plus 484X,accessories,111.22
ViewSonic Elite 48-inch Variant 264,accessories,492.29
Apple 61W USB-C Ultra 6187Pro,accessories,68.93
iBUYPOWER Pro Custom 4115V2,pc,2645.35
Razer DeathAdder 5753X,accessories,80.48
Belkin BoostCharge Advanced 8238G,accessories,60.68
Satechi 108W Pro 9319,accessories,29.83
LG CineBeam Elite 1677X,video,1173.42
Apple Magic Mouse Home 4817X,accessories,111.4
Logitech G502 Advanced 4276G,accessories,19.44
CyberPowerPC Gamer 6000,pc,3633.32
Gigabyte AORUS Essential 24-inch,accessories,1926.98
Dell Inspiron 1928Pro,pc,767.71
Audio-Technica ATH-M50x Wireless Bluetooth Variant 24,audio,160.17
Belkin Thunderbolt 3 Elite 6383G,accessories,40.27
SteelSeries Rival 427X,accessories,62.64
CyberPowerPC Gamer Ultra 2340,pc,1674.5
Toshiba Fire TV Advanced 27-inch,video,1086.84
Samsung Odyssey Creator 75-inch,accessories,1350.2
Toshiba Fire TV Home 42-inch,video,3099.77
Insignia F30 Pro 75-inch,video,2793.15
"Asus ZenBook Pro 16""",pc,3899.74
Belkin BoostCharge Performance 5773Pro,accessories,67.45
Keychron K2 Home 3966G,accessories,65.22
TCL 6-Series 34-inch,video,961.53
AAXA P6X 7862,video,3074.99
"Lenovo ThinkPad 14""",pc,3032.12
Razer Viper Ultra 793G,accessories,40.19
Syncwire Optical Audio 3675V2,accessories,24.87
Dell Inspiron 3189,pc,3890.74
Ducky One 2 9865X,accessories,144.2
Sennheiser Momentum Variant 980,audio,492.32
BenQ Zowie 3474Pro,accessories,124.38
HP 45W Smart AC Home 1836V2,accessories,49.21
AAXA P6X 2670V2,video,447.45
"Dell XPS 13""",pc,3137.76
Bose QuietComfort 35 II Advanced Wireless Bluetooth,audio,358.96
Aukey Omnia Ultra 3737Pro,accessories,47.96
Lenovo IdeaCentre 1702,pc,1621.93
Alienware Aurora Wireless 6120V2,pc,3836.51
Apple 61W USB-C Ultra 445,accessories,43.46
"Lenovo ThinkPad 16"" Variant 351",pc,2393.83
HyperX Alloy Origins 3463X,accessories,87.96
Corsair Dark Core Creator 7999,accessories,65.76
Sennheiser Momentum Gaming Wireless Bluetooth,audio,496.12
HP 45W Smart AC 3964,accessories,23.73
Dell 65W AC Adapter 5667V2,accessories,64.77
Beyerdynamic DT 770 Pro Wireless Bluetooth Variant 467,audio,525.21
Sony WH-1000XM4 Studio Wireless Bluetooth,audio,168.65
HyperX Alloy Origins Gaming 3479X,accessories,121.85
Marshall Stanmore Business,audio,275.28
Corsair Dark Core 6594V2,accessories,59.37
"Acer Swift 16"" Variant 423",pc,3170.42
Logitech MX Keys Max 6061X,accessories,134.96
SteelSeries Apex Pro Elite 7346X,accessories,111.41
Anker Powerline USB-C 7809G,accessories,40.65
XGIMI Halo Plus 7671G,video,3850.71
Satechi 108W Pro Compact 5058G,accessories,52.71
HyperX Alloy Origins Elite 2799X,accessories,248.46
Glorious Model O 4193X,accessories,19.85
RAVPower 65W PD 2599G,accessories,58.75
Hisense U8G 27-inch,video,3251.22
Shure AONIC 50,audio,374.15
iBUYPOWER Pro Custom Home 6987Pro,pc,3793.43
Apple iMac Wireless 658V2,pc,4605.34
Sony WH-1000XM4 Wireless Bluetooth Variant 593,audio,218.56
"Acer Swift 17""",pc,1037.04
HP Pavilion 3503G,pc,4796.74
ViewSonic PX701-4K 632G,video,1252.57
Apple 61W USB-C Essential 8678X,accessories,26.13
Apple Magic Mouse Plus 7252V2,accessories,53.91
Samsung QLED Ultra 75-inch,video,863.83
Ultimate Ears Boom Performance,audio,191.46
Das Keyboard 4 Studio 8653V2,accessories,86.96
HyperX Alloy Origins 1287,accessories,245.1
Edifier R1280T Plus Wireless Bluetooth,audio,939.81
Kanto YU2 Business Variant 154,audio,939.95
Satechi 108W Pro 9762G,accessories,73.38
SteelSeries Rival Elite 6518Pro,accessories,129.21
Ultimate Ears Boom,audio,932.07
Bowers & Wilkins PX7 Variant 85,audio,293.83
"Asus ZenBook Home 13""",pc,1497.67
"Apple MacBook Pro Pro 14""",pc,2387.65
BenQ TK850 6793G,video,4711.19
HP Pavilion 3925V2,pc,3354.09
Optoma UHD50X Creator 5246G,video,3367.85
Dell 65W AC Adapter Essential 8032V2,accessories,86.74
"Apple MacBook Air 15""",pc,3162.65
Sony VPL-VW295ES Pro 3844G,video,3873.81
Logitech G Pro Creator 2240Pro,accessories,30.36
Apple Magic Keyboard Gaming 9669G,accessories,100.73
"Asus ZenBook 13""",pc,3776.77
Syncwire Optical Audio 4802G,accessories,16.54
HP Pavilion 5234G,pc,1983.54
Sonos One Pro,audio,417.78
Dell Inspiron 1401,pc,1541.75
Microsoft Arc Mouse Compact 5905G,accessories,19.11
Samsung Odyssey 55-inch Variant 127,accessories,1675.09
Apple 61W USB-C Plus 574,accessories,60.64
Vizio P-Series Wireless 24-inch,video,2024.59
Razer Viper 8315V2,accessories,85.87
SteelSeries Apex Pro Max 4628V2,accessories,233.15
Audio-Technica ATH-M50x Wireless Bluetooth Variant 824,audio,164.46
AKG K371 Variant 913,audio,377.87
Insignia F30 Wireless 24-inch,video,3943.77
Razer BlackWidow 9072G,accessories,217.47
Marshall Stanmore Essential Wireless Bluetooth,audio,575.28
Anker Powerline USB-C 423Pro,accessories,22.02
Apple AirPods Max Wireless Bluetooth Variant 371,audio,341.49
Sony Bravia 24-inch,video,3769.52
Apple AirPods Max Home,audio,330.53
Klipsch R-41M Wireless Bluetooth Variant 174,audio,247.43
LG UltraFine Elite 38-inch,accessories,977.61
Bose QuietComfort 35 II Variant 572,audio,441.85
"Acer Swift Creator 13""",pc,1531.77
Ultimate Ears Boom Wireless,audio,514.7
Samsung Odyssey Plus 38-inch,accessories,1848.09
Bose QuietComfort 35 II Studio Wireless Bluetooth,audio,351.48
Acer Predator Orion Elite 9635,pc,2847.02
Marshall Stanmore Variant 584,audio,211.73
iBUYPOWER Pro Custom 8614Pro,pc,3047.24
Philips Ambilight Wireless 85-inch,video,309.02
Apple Magic Keyboard Creator 378V2,accessories,95.27
Epson Home Cinema Home 158,video,5625.08
Glorious Model O 4690V2,accessories,112.68
Bose SoundLink Elite Wireless Bluetooth Variant 78,audio,795.1
"Razer Blade Performance 17""",pc,634.73
Ugreen 65W GaN 6620V2,accessories,48.46
Corsair Dark Core Pro 122,accessories,55.16
"MSI Stealth 16""",pc,2106.82
Corsair Dark Core Compact 1258V2,accessories,121.46
Microsoft Arc Mouse 4083Pro,accessories,47.24
"MSI Stealth Wireless 14""",pc,1638.46
KEF LSX Compact Wireless Bluetooth,audio,811.34
Logitech MX Master Advanced 5873Pro,accessories,84.96
iBUYPOWER Pro Custom 8774G,pc,3161.08
BenQ Zowie 9480G,accessories,94.28
Asus ROG Swift 34-inch,accessories,917.65
TCL 6-Series 34-inch Variant 343,video,1835.87
Marshall Stanmore Max Wireless Bluetooth,audio,391.9
Apple AirPods Max,audio,174.19
"Apple MacBook Air Ultra 15""",pc,3564.57
"Acer Swift Performance 17""",pc,3446.98
Sony VPL-VW295ES Ultra 3408Pro,video,1548.53
Belkin BoostCharge 9264Pro,accessories,53.78
Sony WH-1000XM4 Wireless Bluetooth Variant 991,audio,480.59
Belkin Thunderbolt 3 Compact 3484V2,accessories,18.92
Anker Powerline USB-C Pro 1526Pro,accessories,34.88
Belkin BoostCharge 147,accessories,44.76
Belkin Thunderbolt 3 Home 5263X,accessories,31.59
Toshiba Fire TV Pro 85-inch,video,4939.26
Kanto YU2 Variant 744,audio,612.88
Bose QuietComfort 35 II Variant 3,audio,176.4
LG UltraFine 34-inch,accessories,1352.42
Ducky One 2 9876Pro,accessories,64.51
Samsung Odyssey 34-inch,accessories,1530.83
Bowers & Wilkins PX7 Variant 483,audio,248.47
Das Keyboard 4 1778Pro,accessories,93.61
Sony Bravia Wireless 42-inch,video,2171.68
Fasgear PCIe Power Max 7946G,accessories,9.59
Bowers & Wilkins PX7 Variant 661,audio,501.3
Alienware Aurora 1999V2,pc,1862.18
Belkin BoostCharge Advanced 4753,accessories,24.22
"Apple MacBook Pro Advanced 15""",pc,2426.06
Apple iMac 9817G,pc,794.77
Bose SoundLink Business Wireless Bluetooth,audio,665.44
Dell UltraSharp Studio 65-inch,accessories,496.71
BenQ Zowie Business 911,accessories,71.51
Bowers & Wilkins PX7 Essential,audio,474.94
Aukey Omnia Creator 7808X,accessories,67.6
Optoma UHD50X Elite 4770Pro,video,4209.98
"Lenovo ThinkPad Max 17""",pc,1381.6
Anker Nebula Capsule Elite 1633,video,992.44
Apple Magic Keyboard Compact 7995V2,accessories,152.07
Asus ROG Strix 8775X,pc,2147.28
"Asus ZenBook Advanced 17""",pc,1316.29
AAXA P6X Max 7294,video,3057.02
Corsair K95 1490X,accessories,179.0
Apple Magic Mouse 1934,accessories,24.49
Apple 61W USB-C Gaming 9049,accessories,87.73
Sony Bravia 65-inch Variant 401,video,3380.7
Alienware Gaming Monitor Ultra 34-inch,accessories,1647.19
Anker Powerline USB-C 3938Pro,accessories,43.29
Lenovo 65W Standard Wireless 8938V2,accessories,21.54
